,subreddit
422,0
1128,1
1559,1
1608,1
1689,1
478,0
1244,1
1273,1
710,0
1169,1
941,0
261,0
1381,1
999,0
240,0
1247,1
1575,1
1977,1
1106,1
567,0
365,0
1378,1
1263,1
1601,1
2030,1
1521,1
1392,1
71,0
1185,1
259,0
51,0
198,0
1036,1
670,0
332,0
1384,1
611,0
963,0
1043,1
984,0
535,0
1593,1
1242,1
721,0
426,0
583,0
1054,1
705,0
1994,1
949,0
2014,1
486,0
744,0
398,0
1804,1
462,0
436,0
192,0
1461,1
881,0
292,0
1157,1
987,0
829,0
1881,1
964,0
141,0
743,0
2,0
1524,1
936,0
1907,1
1181,1
339,0
1474,1
408,0
1721,1
265,0
376,0
1594,1
1391,1
439,0
271,0
184,0
968,0
244,0
1965,1
1834,1
1644,1
445,0
614,0
1047,1
1565,1
939,0
607,0
701,0
415,0
273,0
752,0
1514,1
1481,1
250,0
413,0
922,0
1331,1
310,0
736,0
576,0
425,0
1912,1
1419,1
774,0
1380,1
715,0
1362,1
1664,1
1265,1
1132,1
182,0
170,0
579,0
974,0
1914,1
1681,1
1052,1
1343,1
272,0
1578,1
712,0
930,0
371,0
222,0
1846,1
707,0
1657,1
518,0
334,0
1333,1
1189,1
1618,1
1018,0
15,0
1985,1
1387,1
1568,1
1717,1
1480,1
931,0
465,0
792,0
199,0
1229,1
1563,1
1683,1
1324,1
873,0
1292,1
1867,1
1874,1
1208,1
585,0
43,0
274,0
1494,1
101,0
1489,1
1342,1
1897,1
107,0
1211,1
497,0
2018,1
909,0
1623,1
1268,1
1320,1
1755,1
1512,1
812,0
72,0
1417,1
1237,1
1190,1
651,0
481,0
1089,1
506,0
1475,1
2000,1
2027,1
782,0
832,0
888,0
311,0
1547,1
405,0
1922,1
1274,1
309,0
226,0
1730,1
1245,1
1557,1
1436,1
818,0
148,0
907,0
1307,1
857,0
849,0
862,0
575,0
557,0
1807,1
1178,1
1812,1
1592,1
727,0
988,0
286,0
1739,1
1823,1
628,0
598,0
1868,1
1641,1
1666,1
1616,1
1607,1
1334,1
1105,1
932,0
1551,1
1465,1
1502,1
609,0
1911,1
1336,1
1448,1
1034,1
493,0
1344,1
277,0
1883,1
358,0
1133,1
236,0
551,0
1904,1
925,0
208,0
1412,1
1764,1
58,0
631,0
1613,1
1896,1
1606,1
363,0
505,0
694,0
1144,1
1632,1
1239,1
1810,1
1690,1
1975,1
118,0
1272,1
1483,1
522,0
513,0
81,0
745,0
1694,1
380,0
1102,1
1720,1
84,0
1709,1
998,0
329,0
6,0
767,0
780,0
942,0
997,0
451,0
490,0
1509,1
287,0
938,0
2023,1
1393,1
1887,1
1420,1
824,0
1752,1
1662,1
906,0
948,0
1476,1
1680,1
327,0
442,0
1983,1
1100,1
952,0
905,0
177,0
759,0
1802,1
86,0
1890,1
1937,1
457,0
1864,1
54,0
1530,1
643,0
677,0
221,0
113,0
1013,0
1251,1
1027,1
174,0
965,0
589,0
1588,1
18,0
423,0
1903,1
285,0
1612,1
428,0
1538,1
772,0
669,0
31,0
979,0
722,0
1163,1
214,0
838,0
1269,1
326,0
560,0
1670,1
700,0
771,0
1487,1
341,0
629,0
147,0
1220,1
360,0
83,0
48,0
468,0
155,0
1820,1
1827,1
1223,1
1428,1
1225,1
1659,1
500,0
1798,1
179,0
1067,1
1789,1
807,0
904,0
1179,1
1676,1
528,0
346,0
1947,1
1998,1
836,0
2010,1
1270,1
601,0
1117,1
243,0
993,0
1228,1
1503,1
312,0
435,0
1936,1
962,0
308,0
430,0
660,0
370,0
566,0
1010,0
181,0
1301,1
621,0
879,0
1619,1
1731,1
1447,1
1876,1
950,0
1094,1
296,0
1580,1
461,0
1326,1
1572,1
377,0
798,0
1125,1
105,0
126,0
1005,0
1841,1
865,0
355,0
1645,1
682,0
1029,1
1650,1
1134,1
209,0
1464,1
140,0
1463,1
1816,1
1080,1
1658,1
1118,1
1316,1
1395,1
711,0
1290,1
892,0
1262,1
887,0
10,0
1726,1
1146,1
282,0
810,0
1113,1
291,0
754,0
626,0
973,0
889,0
129,0
1198,1
843,0
323,0
1111,1
1857,1
994,0
1901,1
1004,0
900,0
695,0
215,0
1073,1
1285,1
158,0
1958,1
1651,1
1567,1
841,0
634,0
516,0
1454,1
1549,1
597,0
195,0
1672,1
990,0
410,0
96,0
440,0
976,0
156,0
419,0
1838,1
477,0
1892,1
668,0
1833,1
1909,1
1323,1
447,0
553,0
178,0
390,0
578,0
1033,1
1738,1
1582,1
1673,1
926,0
820,0
1860,1
1230,1
1068,1
664,0
142,0
1545,1
1455,1
864,0
421,0
636,0
1432,1
799,0
1087,1
615,0
294,0
1771,1
1468,1
1940,1
88,0
41,0
1837,1
1971,1
131,0
1526,1
1403,1
1090,1
1891,1
1368,1
1653,1
164,0
724,0
290,0
1165,1
1564,1
1934,1
1040,1
1386,1
778,0
839,0
348,0
1982,1
571,0
917,0
1007,0
1924,1
1668,1
1620,1
1341,1
1906,1
136,0
458,0
375,0
1366,1
333,0
1330,1
1182,1
1960,1
1794,1
1850,1
816,0
1137,1
605,0
1893,1
1006,0
1691,1
910,0
1271,1
1967,1
1543,1
328,0
1055,1
318,0
1558,1
1383,1
1766,1
167,0
12,0
1964,1
171,0
649,0
1997,1
260,0
1281,1
1435,1
901,0
672,0
258,0
844,0
867,0
1696,1
138,0
893,0
1873,1
549,0
319,0
1555,1
1259,1
1200,1
558,0
139,0
1801,1
531,0
224,0
723,0
786,0
1749,1
1340,1
409,0
325,0
1121,1
299,0
1286,1
714,0
846,0
193,0
573,0
946,0
503,0
1615,1
1347,1
1821,1
3,0
1284,1
467,0
5,0
1406,1
547,0
228,0
542,0
242,0
898,0
1674,1
1488,1
1107,1
842,0
1444,1
1177,1
2007,1
661,0
1233,1
314,0
691,0
1532,1
424,0
594,0
2001,1
622,0
1193,1
1063,1
227,0
1431,1
1355,1
1120,1
66,0
24,0
144,0
536,0
811,0
1231,1
85,0
1356,1
1206,1
1091,1
1840,1
1853,1
1788,1
1358,1
362,0
1640,1
1175,1
1026,1
1030,1
1240,1
1379,1
1319,1
665,0
364,0
77,0
27,0
1923,1
525,0
1870,1
55,0
638,0
302,0
718,0
624,0
7,0
803,0
1049,1
336,0
47,0
1979,1
106,0
349,0
1079,1
238,0
213,0
1335,1
1161,1
793,0
1096,1
1202,1
1261,1
1611,1
1703,1
523,0
232,0
644,0
1536,1
533,0
1537,1
603,0
1232,1
1074,1
1328,1
60,0
1287,1
92,0
666,0
280,0
1774,1
359,0
1151,1
1192,1
847,0
1402,1
110,0
42,0
125,0
204,0
52,0
545,0
68,0
1159,1
1576,1
183,0
137,0
899,0
796,0
132,0
80,0
1511,1
1569,1
541,0
1624,1
983,0
165,0
248,0
446,0
1719,1
858,0
1234,1
97,0
2011,1
737,0
1591,1
102,0
434,0
74,0
1826,1
1761,1
918,0
1743,1
1702,1
1649,1
762,0
989,0
388,0
235,0
1617,1
267,0
1210,1
117,0
1635,1
673,0
249,0
1797,1
2032,1
94,0
33,0
1491,1
1699,1
448,0
716,0
1288,1
1546,1
0,0
1991,1
1101,1
1108,1
1249,1
82,0
1959,1
676,0
1477,1
1046,1
770,0
1952,1
1304,1
1609,1
1517,1
404,0
1760,1
1322,1
1364,1
104,0
688,0
1329,1
826,0
62,0
852,0
1550,1
223,0
145,0
1088,1
373,0
1446,1
1142,1
1905,1
1523,1
1630,1
1931,1
9,0
449,0
708,0
255,0
882,0
389,0
908,0
924,0
1735,1
1255,1
460,0
1293,1
1732,1
1168,1
958,0
501,0
739,0
1933,1
868,0
731,0
539,0
1201,1
697,0
1418,1
1401,1
1145,1
1031,1
372,0
667,0
1554,1
357,0
967,0
783,0
735,0
1035,1
970,0
1553,1
2013,1
1552,1
1374,1
1519,1
1671,1
1252,1
1925,1
1747,1
1236,1
885,0
79,0
1172,1
814,0
1309,1
671,0
1560,1
57,0
133,0
1140,1
933,0
1716,1
823,0
1214,1
504,0
1809,1
347,0
386,0
1024,1
894,0
828,0
1930,1
475,0
1498,1
1473,1
1422,1
652,0
172,0
1149,1
38,0
713,0
90,0
1974,1
1205,1
875,0
1375,1
1927,1
1093,1
1155,1
1637,1
1996,1
499,0
338,0
1188,1
28,0
1217,1
1729,1
1856,1
945,0
169,0
1839,1
1197,1
1253,1
1424,1
912,0
491,0
953,0
1097,1
1032,1
587,0
750,0
657,0
234,0
732,0
2026,1
1758,1
1156,1
1626,1
1450,1
1656,1
934,0
1209,1
1065,1
108,0
1571,1
568,0
1167,1
1174,1
890,0
947,0
1048,1
1376,1
1610,1
1472,1
884,0
1704,1
850,0
734,0
717,0
454,0
264,0
75,0
1688,1
444,0
395,0
176,0
1042,1
1769,1
1427,1
1621,1
1405,1
595,0
61,0
1296,1
872,0
1518,1
1916,1
278,0
36,0
1544,1
662,0
1978,1
1865,1
977,0
1600,1
738,0
191,0
919,0
456,0
675,0
760,0
1843,1
1786,1
728,0
1399,1
412,0
1098,1
825,0
1525,1
616,0
114,0
417,0
1948,1
969,0
604,0
1956,1
89,0
848,0
1548,1
1955,1
753,0
498,0
1276,1
1325,1
11,0
396,0
284,0
1066,1
1191,1
1778,1
690,0
1660,1
1913,1
689,0
851,0
159,0
895,0
1604,1
257,0
335,0
1917,1
1039,1
515,0
1348,1
1015,0
768,0
1780,1
761,0
1246,1
1203,1
1785,1
2021,1
521,0
22,0
356,0
1277,1
1312,1
1849,1
340,0
431,0
473,0
217,0
911,0
1227,1
1625,1
1011,0
1987,1
93,0
1008,0
1070,1
1092,1
1614,1
1308,1
696,0
1828,1
996,0
1458,1
153,0
1099,1
1928,1
2035,1
789,0
580,0
1470,1
703,0
1212,1
1295,1
1697,1
1260,1
487,0
559,0
1141,1
1119,1
801,0
512,0
633,0
1507,1
1822,1
1574,1
1150,1
790,0
116,0
1497,1
740,0
1830,1
1081,1
830,0
119,0
656,0
1945,1
635,0
369,0
268,0
655,0
935,0
822,0
866,0
46,0
1373,1
1740,1
991,0
876,0
773,0
1219,1
2037,1
4,0
1003,0
1756,1
263,0
1848,1
1866,1
443,0
1002,0
1077,1
837,0
1825,1
304,0
1365,1
1586,1
313,0
149,0
1148,1
1213,1
574,0
50,0
1581,1
726,0
833,0
1377,1
1115,1
1166,1
470,0
971,0
653,0
399,0
511,0
320,0
19,0
684,0
35,0
902,0
1813,1
827,0
1832,1
407,0
920,0
537,0
758,0
1942,1
1062,1
1199,1
245,0
1416,1
1127,1
784,0
1776,1
489,0
154,0
961,0
853,0
1311,1
625,0
685,0
1984,1
569,0
1946,1
17,0
127,0
1346,1
1279,1
2006,1
927,0
980,0
2002,1
190,0
1139,1
992,0
1993,1
2019,1
606,0
180,0
301,0
496,0
1727,1
1741,1
1692,1
1667,1
517,0
2022,1
1069,1
476,0
157,0
1243,1
1195,1
16,0
1535,1
1072,1
2009,1
546,0
1539,1
658,0
1654,1
1019,0
1693,1
1504,1
959,0
1919,1
283,0
797,0
1655,1
225,0
26,0
1805,1
437,0
1986,1
1388,1
229,0
37,0
749,0
1045,1
1398,1
469,0
2031,1
2005,1
687,0
1879,1
639,0
1744,1
1218,1
1158,1
1415,1
1527,1
2017,1
1300,1
1858,1
800,0
1603,1
160,0
956,0
1186,1
821,0
1713,1
877,0
913,0
152,0
1872,1
1811,1
509,0
1135,1
1250,1
1753,1
103,0
1445,1
1443,1
1921,1
586,0
1803,1
1143,1
53,0
151,0
403,0
1980,1
207,0
1932,1
1682,1
1122,1
1784,1
8,0
1014,0
1831,1
1060,1
452,0
1675,1
253,0
1327,1
896,0
1767,1
880,0
1595,1
1926,1
623,0
345,0
1734,1
262,0
1634,1
1321,1
1438,1
150,0
472,0
640,0
2020,1
1920,1
550,0
1814,1
928,0
488,0
1847,1
1171,1
146,0
1736,1
1966,1
402,0
954,0
1915,1
659,0
1372,1
463,0
1349,1
186,0
1147,1
1224,1
608,0
143,0
751,0
1534,1
981,0
197,0
1633,1
883,0
279,0
293,0
1859,1
400,0
122,0
1207,1
202,0
1462,1
835,0
246,0
1439,1
1733,1
1787,1
1939,1
1707,1
1918,1
1153,1
1661,1
1426,1
384,0
1882,1
1759,1
854,0
1589,1
219,0
641,0
1,0
112,0
698,0
1953,1
951,0
1648,1
1636,1
1782,1
1410,1
1409,1
1533,1
1291,1
1844,1
441,0
1520,1
1136,1
1715,1
1256,1
1900,1
1631,1
1695,1
1397,1
663,0
1871,1
1257,1
1808,1
1700,1
317,0
648,0
1434,1
1479,1
709,0
1382,1
1282,1
1768,1
972,0
627,0
632,0
1306,1
1400,1
1408,1
1248,1
1990,1
1254,1
1496,1
1371,1
1529,1
1663,1
1354,1
1963,1
1938,1
1643,1
1885,1
795,0
645,0
1012,0
1875,1
556,0
681,0
577,0
1819,1
1109,1
1266,1
1722,1
1183,1
524,0
1059,1
540,0
1194,1
1678,1
748,0
1888,1
1430,1
484,0
1757,1
95,0
1020,0
563,0
1264,1
742,0
863,0
1598,1
1714,1
1484,1
891,0
1577,1
1038,1
206,0
392,0
794,0
870,0
397,0
766,0
1877,1
1241,1
1028,1
1792,1
642,0
1929,1
612,0
1762,1
960,0
1570,1
725,0
683,0
98,0
804,0
1751,1
1597,1
406,0
502,0
1071,1
1056,1
929,0
779,0
1863,1
200,0
134,0
1051,1
40,0
1017,0
230,0
1513,1
1796,1
378,0
288,0
418,0
1698,1
391,0
592,0
1522,1
1162,1
1086,1
1495,1
647,0
1152,1
1367,1
520,0
1862,1
1880,1
64,0
1836,1
14,0
1180,1
1064,1
492,0
379,0
187,0
763,0
216,0
791,0
1076,1
878,0
337,0
1772,1
719,0
1748,1
295,0
1725,1
1016,0
1275,1
1750,1
1485,1
455,0
2034,1
815,0
1886,1
269,0
995,0
201,0
161,0
1579,1
729,0
401,0
702,0
1500,1
1845,1
1795,1
1129,1
565,0
1413,1
1021,1
1025,1
1411,1
1895,1
1585,1
1104,1
205,0
34,0
775,0
508,0
1451,1
1478,1
2008,1
1390,1
91,0
1363,1
897,0
564,0
1369,1
776,0
241,0
13,0
315,0
600,0
387,0
1297,1
166,0
840,0
20,0
646,0
1842,1
1508,1
1154,1
1528,1
831,0
1267,1
1590,1
1899,1
562,0
1989,1
686,0
957,0
189,0
1806,1
975,0
699,0
1499,1
1705,1
510,0
1082,1
474,0
1584,1
856,0
747,0
252,0
21,0
1337,1
459,0
1184,1
276,0
955,0
1215,1
385,0
805,0
1437,1
1515,1
343,0
769,0
1332,1
1685,1
130,0
1687,1
871,0
1123,1
1396,1
87,0
1482,1
330,0
1238,1
466,0
121,0
1638,1
1044,1
1724,1
1095,1
1130,1
1294,1
860,0
1459,1
1126,1
